batter,matches,runs,balls_faced,fours,sixes,innings,dismissals,fifties,hundreds,highest_score,strike_rate,batting_average
A Ashish Reddy,23,280,193,16,15,23,15,0,0,36,145.08,18.67
A Badoni,56,1178,836,96,47,56,46,7,0,74,140.91,25.61
A Chandila,2,4,7,0,0,2,0,0,0,4,57.14,
A Chopra,6,53,71,7,0,6,6,0,0,24,74.65,8.83
A Choudhary,3,25,20,1,1,3,1,0,0,15,125.0,25.0
A Dananjaya,1,4,5,0,0,1,0,0,0,4,80.0,
A Flintoff,3,62,53,5,2,3,2,0,0,24,116.98,31.0
A Kamboj,10,74,52,5,4,10,3,0,0,19,142.31,24.67
A Kumble,15,35,47,3,0,15,3,0,0,8,74.47,11.67
A Manohar,20,292,235,23,14,20,19,0,0,43,124.26,15.37
A Mhatre,13,441,240,51,23,13,13,3,0,94,183.75,33.92
A Mishra,55,381,419,31,5,55,30,0,0,31,90.93,12.7
A Mithun,6,34,26,4,1,6,5,0,0,11,130.77,6.8
A Mukund,2,19,22,1,0,2,2,0,0,19,86.36,9.5
A Nehra,17,41,62,3,1,17,7,0,0,22,66.13,5.86
A Nortje,14,49,50,6,0,14,7,0,0,23,98.0,7.0
A Raghuvanshi,30,885,608,86,35,30,26,7,0,82,145.56,34.04
A Singh,5,2,10,0,0,5,4,0,0,1,20.0,0.5
A Symonds,36,974,750,74,41,36,27,5,1,117,129.87,36.07
A Tomar,1,4,8,1,0,1,1,0,0,4,50.0,4.0
A Uniyal,2,4,7,0,0,2,1,0,0,4,57.14,4.0
A Zampa,5,15,24,1,0,5,5,0,0,7,62.5,3.0
AA Bilakhia,7,69,85,5,0,7,5,0,0,22,81.18,13.8
AA Chavan,3,12,11,2,0,3,2,0,0,7,109.09,6.0
AA Jhunjhunwala,15,217,210,19,5,15,13,1,0,53,103.33,16.69
AA Kulkarni,4,26,33,3,0,4,4,0,0,17,78.79,6.5
AA Noffke,1,9,10,1,0,1,1,0,0,9,90.0,9.0
AB Agarkar,18,179,154,13,5,18,9,0,0,39,116.23,19.89
AB Barath,3,42,42,5,1,3,2,0,0,33,100.0,21.0
AB Dinda,16,26,48,2,0,16,10,0,0,7,54.17,2.6
AB McDonald,9,123,100,9,4,9,5,0,0,33,123.0,24.6
AB de Villiers,170,5181,3411,414,253,172,130,40,3,133,151.89,39.85
AC Blizzard,7,120,90,21,2,7,7,1,0,51,133.33,17.14
AC Gilchrist,80,2069,1495,239,92,80,76,11,2,109,138.39,27.22
AC Thomas,4,20,19,1,1,4,2,0,0,12,105.26,10.0
AC Voges,7,181,143,15,3,7,4,0,0,45,126.57,45.25
AD Hales,6,148,118,13,6,6,6,0,0,45,125.42,24.67
AD Mascarenhas,11,79,78,5,1,11,9,0,0,27,101.28,8.78
AD Mathews,41,724,575,44,29,41,30,1,0,65,125.91,24.13
AD Nath,10,90,98,7,2,10,10,0,0,24,91.84,9.0
AD Russell,114,2655,1525,187,223,115,95,12,0,88,174.1,27.95
AF Milne,7,25,31,0,1,7,4,0,0,15,80.65,6.25
AG Murtaza,3,10,14,1,0,3,1,0,0,5,71.43,10.0
AG Paunikar,5,49,58,9,0,5,5,0,0,20,84.48,9.8
AJ Finch,90,2092,1635,214,78,91,83,15,0,88,127.95,25.2
AJ Hosein,3,21,13,1,1,3,0,0,0,16,161.54,
AJ Turner,6,24,28,0,2,6,5,0,0,16,85.71,4.8
AJ Tye,13,91,76,6,5,13,9,0,0,25,119.74,10.11
AK Markram,66,1671,1234,131,68,67,56,10,0,68,135.41,29.84
AL Menaria,23,401,356,24,18,23,21,0,0,40,112.64,19.1
AM Ghazanfar,1,2,3,0,0,1,0,0,0,2,66.67,
AM Nayar,50,672,577,55,20,50,38,0,0,45,116.46,17.68
AM Rahane,197,5367,4273,540,141,197,178,35,2,105,125.6,30.15
AN Ahmed,6,36,26,4,1,6,1,0,0,18,138.46,36.0
AN Ghosh,2,7,8,1,0,2,2,0,0,7,87.5,3.5
AP Dole,2,34,22,3,1,2,2,0,0,30,154.55,17.0
AP Majumdar,4,87,76,7,2,4,4,0,0,31,114.47,21.75
AP Tare,27,339,273,40,11,27,24,1,0,59,124.18,14.12
AR Bawne,1,12,12,1,0,1,0,0,0,12,100.0,
AR Patel,134,2089,1562,146,100,134,96,4,0,66,133.74,21.76
AS Joseph,5,27,32,3,0,5,1,0,0,15,84.38,27.0
AS Rajpoot,7,26,41,2,1,7,5,0,0,8,63.41,5.2
AS Raut,16,194,167,13,7,16,9,0,0,36,116.17,21.56
AS Roy,14,78,64,6,2,14,8,0,0,29,121.88,9.75
AS Yadav,6,49,39,5,2,6,5,0,0,16,125.64,9.8
AT Carey,3,32,29,0,1,3,2,0,0,14,110.34,16.0
AT Rayudu,185,4348,3409,359,173,185,152,22,1,100,127.54,28.61
AU Rashid,2,22,16,2,1,2,2,0,0,18,137.5,11.0
AUK Pathan,7,39,23,5,2,7,5,0,0,14,169.57,7.8
Abdul Basith,1,1,1,0,0,1,0,0,0,1,100.0,
Abdul Samad,58,859,578,55,55,59,45,0,0,45,148.62,19.09
Abdur Razzak,1,0,2,0,0,1,0,0,0,0,0.0,
Abhishek Sharma,89,2379,1389,224,144,89,81,13,2,141,171.27,29.37
Abishek Porel,33,769,529,80,28,33,30,4,0,65,145.37,25.63
Akash Deep,5,25,14,2,2,5,3,0,0,17,178.57,8.33
Akash Madhwal,2,8,14,0,0,2,0,0,0,4,57.14,
Akshat Raghuwanshi,2,29,25,1,1,2,2,0,0,18,116.0,14.5
Aman Hakim Khan,10,115,104,8,6,10,9,1,0,51,110.58,12.78
Aniket Verma,20,315,196,18,25,20,15,1,0,74,160.71,21.0
Anirudh Singh,4,63,66,6,1,4,4,0,0,40,95.45,15.75
Ankit Sharma,10,87,67,7,4,10,7,0,0,30,129.85,12.43
Ankit Soni,3,7,9,0,1,3,2,0,0,7,77.78,3.5
Anmolpreet Singh,9,139,115,19,3,9,9,0,0,36,120.87,15.44
Anuj Rawat,21,318,267,26,14,21,16,1,0,66,119.1,19.88
Anureet Singh,8,36,47,2,1,8,4,0,0,15,76.6,9.0
Arjun Tendulkar,2,18,14,0,1,2,1,0,0,13,128.57,18.0
Arshad Khan,12,142,95,6,11,12,6,1,0,58,149.47,23.67
Arshad Khan (2),1,5,4,1,0,1,1,0,0,5,125.0,5.0
Arshdeep Singh,14,32,47,4,0,14,6,0,0,10,68.09,5.33
Ashok Sharma,2,1,4,0,0,2,0,0,0,1,25.0,
Ashutosh Sharma,26,564,334,39,40,26,19,2,0,66,168.86,29.68
Ashwani Kumar,1,1,6,0,0,1,0,0,0,1,16.67,
Atharva Taide,10,260,177,30,8,10,10,2,0,66,146.89,26.0
Auqib Nabi,2,14,4,2,1,2,1,0,0,10,350.0,14.0
Avesh Khan,16,68,43,7,4,16,4,0,0,19,158.14,17.0
Azhar Mahmood,21,388,303,39,13,21,19,2,0,80,128.05,20.42
Azmatullah Omarzai,11,151,101,11,10,11,10,0,0,38,149.5,15.1
B Akhil,11,76,55,5,5,11,6,0,0,27,138.18,12.67
B Chipli,21,280,251,28,7,21,15,1,0,61,111.55,18.67
B Indrajith,3,21,30,2,0,3,3,0,0,15,70.0,7.0
B Kumar,75,354,377,34,4,75,38,0,0,27,93.9,9.32
B Laughlin,4,5,13,0,0,4,2,0,0,4,38.46,2.5
B Lee,19,124,97,8,8,19,10,0,0,25,127.84,12.4
B Sai Sudharsan,57,2515,1686,258,83,57,52,20,3,108,149.17,48.37
B Stanlake,1,5,2,1,0,1,0,0,0,5,250.0,
B Sumanth,4,35,37,3,0,4,1,0,0,16,94.59,35.0
BA Bhatt,2,6,7,0,1,2,1,0,0,6,85.71,6.0
BA Stokes,43,935,698,81,32,43,38,2,2,107,133.95,24.61
BAW Mendis,3,3,6,0,0,3,2,0,0,2,50.0,1.5
BB McCullum,109,2882,2190,293,130,111,104,13,2,158,131.6,27.71
BB Samantray,8,125,113,13,2,8,5,1,0,55,110.62,25.0
BB Sran,7,10,14,0,0,7,1,0,0,3,71.43,10.0
BCJ Cutting,17,238,141,15,19,17,11,0,0,39,168.79,21.64
BE Hendricks,2,1,3,0,0,2,1,0,0,1,33.33,1.0
BJ Haddin,1,18,11,2,1,1,1,0,0,18,163.64,18.0
BJ Hodge,63,1400,1118,122,43,63,42,6,0,73,125.22,33.33
BJ Rohrer,8,193,141,21,5,9,7,1,0,64,136.88,27.57
BKG Mendis,1,20,10,1,2,1,1,0,0,20,200.0,20.0
BMAJ Mendis,3,23,27,0,0,3,3,0,0,12,85.19,7.67
BR Dunk,3,40,35,7,0,3,3,0,0,20,114.29,13.33
BR Sharath,1,2,5,0,0,1,1,0,0,2,40.0,2.0
Basil Thampi,7,32,35,1,1,7,1,0,0,13,91.43,32.0
Bipul Sharma,17,187,123,11,9,17,8,0,0,35,152.03,23.38
Brijesh Sharma,2,2,4,0,0,2,0,0,0,1,50.0,
C Bosch,6,97,63,8,5,6,3,0,0,32,153.97,32.33
C Connolly,13,491,301,43,32,13,11,2,1,107,163.12,44.64
C Green,42,1029,681,84,49,42,27,4,1,100,151.1,38.11
C Madan,1,15,19,3,0,1,1,0,0,15,78.95,15.0
C Munro,11,177,141,19,8,11,11,0,0,40,125.53,16.09
C Nanda,1,0,1,0,0,1,1,0,0,0,0.0,0.0
C Sakariya,7,20,31,3,0,7,6,0,0,7,64.52,3.33
C de Grandhomme,21,303,225,18,18,21,16,0,0,40,134.67,18.94
CA Ingram,15,205,180,22,5,15,12,0,0,47,113.89,17.08
CA Lynn,42,1329,945,132,66,42,39,10,0,93,140.63,34.08
CA Pujara,22,390,391,50,4,22,19,1,0,51,99.74,20.53
CH Gayle,141,4997,3346,408,359,145,126,31,6,175,149.34,39.66
CH Morris,49,618,398,41,35,49,28,2,0,82,155.28,22.07
CJ Anderson,29,538,423,40,31,29,22,3,0,95,127.19,24.45
CJ Ferguson,8,98,117,9,0,8,6,0,0,23,83.76,16.33
CJ Jordan,12,81,77,3,3,12,10,0,0,30,105.19,8.1
CJ McKay,1,8,15,0,0,1,1,0,0,8,53.33,8.0
CK Kapugedera,3,16,23,0,0,3,3,0,0,8,69.57,5.33
CK Langeveldt,2,8,9,0,1,2,2,0,0,8,88.89,4.0
CL White,45,971,760,76,38,46,36,6,0,78,127.76,26.97
CM Gautam,13,169,150,17,6,13,10,0,0,33,112.67,16.9
CR Brathwaite,14,181,111,10,16,14,13,0,0,43,163.06,13.92
CR Woakes,12,78,77,7,2,12,6,0,0,18,101.3,13.0
CRD Fernando,2,4,3,0,0,2,0,0,0,2,133.33,
CV Varun,13,31,53,3,0,13,6,0,0,10,58.49,5.17
D Brevis,24,606,415,38,43,24,24,2,0,57,146.02,25.25
D Ferreira,16,326,191,26,23,16,12,2,0,69,170.68,27.17
D Kalyankrishna,1,3,8,0,0,1,1,0,0,3,37.5,3.0
D Padikkal,89,2270,1705,241,80,89,85,14,1,101,133.14,26.71
D Pretorius,5,44,28,3,3,5,4,0,0,22,157.14,11.0
D Salunkhe,3,33,24,5,0,3,2,0,0,26,137.5,16.5
D Wiese,11,148,101,12,7,11,5,0,0,47,146.53,29.6
D du Preez,1,10,13,0,0,1,1,0,0,10,76.92,10.0
DA Miller,143,3288,2358,235,152,144,92,14,1,101,139.44,35.74
DA Payne,1,6,5,0,0,1,0,0,0,6,120.0,
DA Warner,184,6567,4702,663,236,187,164,62,4,126,139.66,40.04
DAJ Bracewell,1,12,9,1,0,1,0,0,0,12,133.33,
DB Das,22,304,261,23,16,22,14,0,0,35,116.48,21.71
DB Ravi Teja,25,375,317,35,9,25,19,1,0,60,118.3,19.74
DE Bollinger,4,21,23,1,1,4,1,0,0,16,91.3,21.0
DG Nalkande,2,12,12,0,1,2,2,0,0,12,100.0,6.0
DH Yagnik,17,170,137,23,2,17,10,0,0,34,124.09,17.0
DJ Bravo,110,1560,1204,120,66,110,69,5,0,70,129.57,22.61
DJ Harris,4,111,101,11,5,4,4,0,0,47,109.9,27.75
DJ Hooda,101,1497,1173,98,62,102,85,8,0,64,127.62,17.61
DJ Hussey,61,1322,1075,90,60,61,49,5,0,71,122.98,26.98
DJ Jacobs,7,92,98,10,4,7,7,0,0,32,93.88,13.14
DJ Malan,1,26,26,1,1,1,1,0,0,26,100.0,26.0
DJ Mitchell,15,351,267,28,10,15,13,2,0,63,131.46,27.0
DJ Muthuswami,1,1,3,0,0,1,1,0,0,1,33.33,1.0
DJ Thornely,4,39,53,2,2,4,2,0,0,30,73.58,19.5
DJ Willey,5,53,62,7,0,5,2,0,0,20,85.48,26.5
DJG Sammy,20,295,241,15,18,20,15,1,0,60,122.41,19.67
DJM Short,7,115,99,11,5,7,7,0,0,44,116.16,16.43
DL Chahar,20,142,103,8,9,20,10,0,0,39,137.86,14.2
DL Vettori,16,121,113,11,2,16,8,0,0,29,107.08,15.12
DM Bravo,1,6,5,1,0,1,0,0,0,6,120.0,
DNT Zoysa,2,11,9,1,0,2,1,0,0,10,122.22,11.0
DP Conway,28,1080,773,117,34,28,25,11,0,92,139.72,43.2
DP Nannes,2,4,13,0,0,2,1,0,0,3,30.77,4.0
DP Vijaykumar,1,1,1,0,0,1,0,0,0,1,100.0,
DPMD Jayawardene,78,1808,1464,200,40,79,64,10,1,110,123.5,28.25
DR Martyn,1,19,24,1,0,1,1,0,0,19,79.17,19.0
DR Sams,13,44,44,1,3,13,9,0,0,15,100.0,4.89
DR Shorey,2,13,17,0,1,2,2,0,0,8,76.47,6.5
DR Smith,88,2385,1764,245,117,88,84,17,0,87,135.2,28.39
DS Kulkarni,20,104,108,7,2,20,9,0,0,28,96.3,11.56
DS Lehmann,2,18,18,3,0,2,2,0,0,17,100.0,9.0
DS Rathi,3,3,8,0,0,3,1,0,0,2,37.5,3.0
DT Christian,41,460,398,23,19,41,31,0,0,39,115.58,14.84
DT Patil,2,13,13,1,0,2,2,0,0,9,100.0,6.5
DV Malewar,2,2,5,0,0,2,2,0,0,2,40.0,1.0
DW Steyn,33,167,160,14,3,33,22,0,0,19,104.38,7.59
Dhruv Jurel,51,1195,775,98,62,51,38,10,0,81,154.19,31.45
E Lewis,26,654,477,62,36,26,24,4,0,65,137.11,27.25
E Malinga,3,7,17,0,0,3,1,0,0,5,41.18,7.0
EJG Morgan,74,1406,1148,112,64,75,61,5,0,68,122.47,23.05
ER Dwivedi,2,24,14,2,2,2,2,0,0,19,171.43,12.0
F Behardien,3,14,13,2,0,3,2,0,0,9,107.69,7.0
F du Plessis,147,4773,3515,440,174,147,136,39,0,96,135.79,35.1
FA Allen,3,14,19,1,0,3,2,0,0,8,73.68,7.0
FH Allen,11,349,163,33,28,11,10,1,1,100,214.11,34.9
FH Edwards,2,4,5,0,0,2,1,0,0,3,80.0,4.0
FY Fazal,11,183,173,22,1,11,10,0,0,45,105.78,18.3
Fazalhaq Farooqi,3,5,15,0,0,3,0,0,0,2,33.33,
G Coetzee,7,31,33,2,2,7,6,0,0,12,93.94,5.17
G Gambhir,151,4217,3404,492,59,151,135,36,0,93,123.88,31.24
GB Hogg,4,22,22,1,0,4,3,0,0,13,100.0,7.33
GC Smith,29,739,668,94,9,29,26,4,0,91,110.63,28.42
GC Viljoen,3,3,7,0,0,3,2,0,0,2,42.86,1.5
GD McGrath,2,4,5,1,0,2,1,0,0,4,80.0,4.0
GD Phillips,13,132,109,7,8,13,11,0,0,25,121.1,12.0
GF Linde,3,31,21,6,0,3,3,0,0,16,147.62,10.33
GH Vihari,23,284,321,23,1,23,20,0,0,46,88.47,14.2
GHS Garton,2,2,4,0,0,2,1,0,0,2,50.0,2.0
GJ Bailey,36,663,544,59,19,36,27,2,0,61,121.88,24.56
GJ Maxwell,134,2820,1818,238,161,135,118,18,0,95,155.12,23.9
GR Napier,1,15,16,1,0,1,1,0,0,15,93.75,15.0
Gulbadin Naib,1,19,15,1,1,1,1,0,0,19,126.67,19.0
Gurkeerat Singh,32,511,422,55,11,32,24,2,0,65,121.09,21.29
H Das,1,2,5,0,0,1,1,0,0,2,40.0,2.0
H Klaasen,60,2104,1262,146,120,60,50,13,2,105,166.72,42.08
HC Brook,11,190,154,23,4,11,9,0,1,100,123.38,21.11
HE van der Dussen,3,22,24,2,0,3,2,0,0,12,91.67,11.0
HF Gurney,1,1,5,0,0,1,0,0,0,1,20.0,
HH Gibbs,36,886,807,83,31,36,32,6,0,69,109.79,27.69
HH Pandya,150,2964,2025,228,157,153,107,10,0,91,146.37,27.7
HM Amla,16,577,407,60,21,16,13,3,2,104,141.77,44.38
HR Shokeen,5,66,65,9,0,5,3,0,0,25,101.54,22.0
HV Patel,44,280,238,18,15,44,31,0,0,36,117.65,9.03
Harbhajan Singh,88,833,604,79,42,88,52,1,0,64,137.91,16.02
Harmeet Singh,4,18,12,3,0,4,3,0,0,14,150.0,6.0
Harpreet Brar,27,249,206,20,10,27,12,0,0,29,120.87,20.75
Harpreet Singh,8,123,119,10,3,8,7,0,0,41,103.36,17.57
Harsh Dubey,4,13,9,2,0,4,2,0,0,9,144.44,6.5
Harshit Rana,10,59,56,5,3,10,6,0,0,34,105.36,9.83
Himmat Singh,5,92,69,5,5,5,3,0,0,40,133.33,30.67
I Malhotra,1,7,4,1,0,1,0,0,0,7,175.0,
I Sharma,21,57,69,4,2,21,6,0,0,10,82.61,9.5
I Udana,4,15,11,1,1,4,3,0,0,10,136.36,5.0
IC Pandey,1,0,2,0,0,1,1,0,0,0,0.0,0.0
IK Pathan,82,1150,950,88,38,83,53,1,0,60,121.05,21.7
IR Jaggi,7,76,97,6,0,7,5,0,0,28,78.35,15.2
IS Sodhi,2,7,17,0,0,2,2,0,0,6,41.18,3.5
Imran Tahir,8,33,37,5,0,8,4,0,0,13,89.19,8.25
Iqbal Abdulla,13,88,84,9,1,13,2,0,0,33,104.76,44.0
Ishan Kishan,127,3600,2508,348,166,127,118,23,1,106,143.54,30.51
J Arunkumar,3,23,23,5,0,3,3,0,0,22,100.0,7.67
J Botha,28,409,359,39,5,28,20,1,0,67,113.93,20.45
J Fraser-McGurk,15,385,193,39,30,15,15,4,0,84,199.48,25.67
J Overton,8,151,93,14,7,8,5,0,0,43,162.37,30.2
J Suchith,9,70,61,6,3,9,4,0,0,34,114.75,17.5
J Syed Mohammad,5,29,26,4,0,5,2,0,0,13,111.54,14.5
J Theron,4,10,12,1,0,4,2,0,0,7,83.33,5.0
J Yadav,4,40,36,2,1,4,4,0,0,23,111.11,10.0
JA Morkel,67,975,687,61,55,68,40,3,0,73,141.92,24.38
JA Richardson,3,17,26,2,0,3,3,0,0,15,65.38,5.67
JC Archer,40,326,225,18,22,40,25,0,0,32,144.89,13.04
JC Buttler,136,4647,3105,459,211,137,118,28,7,124,149.66,39.38
JD Ryder,29,604,458,69,19,29,28,4,0,86,131.88,21.57
JD Unadkat,28,201,169,16,7,28,16,0,0,26,118.93,12.56
JDP Oram,11,106,108,6,5,11,8,0,0,41,98.15,13.25
JDS Neesham,10,92,93,6,2,10,9,0,0,22,98.92,10.22
JE Root,1,10,15,1,0,1,1,0,0,10,66.67,10.0
JE Taylor,2,3,3,0,0,2,1,0,0,2,100.0,3.0
JEC Franklin,16,327,301,25,9,16,11,1,0,79,108.64,29.73
JG Bethell,9,163,116,21,6,9,9,1,0,55,140.52,18.11
JH Kallis,95,2427,2222,255,44,95,84,17,0,89,109.23,28.89
JJ Bumrah,29,75,86,6,1,29,7,0,0,16,87.21,10.71
JJ Roy,21,614,443,75,21,21,19,4,0,91,138.6,32.32
JJ van der Wath,3,18,16,1,1,3,2,0,0,14,112.5,9.0
JL Denly,1,0,1,0,0,1,1,0,0,0,0.0,0.0
JL Pattinson,2,15,13,2,0,2,1,0,0,11,115.38,15.0
JM Bairstow,52,1674,1146,173,74,52,48,9,2,114,146.07,34.88
JM Kemp,2,26,24,1,1,2,2,0,0,22,108.33,13.0
JM Sharma,59,1107,726,86,68,59,48,1,0,85,152.48,23.06
JO Holder,34,324,263,16,21,34,26,0,0,47,123.19,12.46
JP Behrendorff,2,6,9,0,0,2,0,0,0,3,66.67,
JP Duminy,75,2029,1636,126,79,75,51,14,0,78,124.02,39.78
JP Faulkner,45,527,390,36,23,46,26,0,0,46,135.13,20.27
JP Inglis,16,544,314,58,28,16,14,4,0,85,173.25,38.86
JPR Scantlebury-Searles,2,8,6,0,1,2,1,0,0,6,133.33,8.0
JR Hazlewood,8,19,30,1,0,8,1,0,0,7,63.33,19.0
JR Hopes,19,417,306,49,11,19,16,4,0,71,136.27,26.06
JR Philippe,5,78,77,9,1,5,4,0,0,33,101.3,19.5
Jaskaran Singh,4,8,11,0,0,4,1,0,0,4,72.73,8.0
Joginder Sharma,5,36,30,1,2,5,4,0,0,16,120.0,9.0
K Goel,16,218,231,17,9,16,14,0,0,38,94.37,15.57
K Gowtham,27,247,148,15,17,27,18,0,0,33,166.89,13.72
K Kartikeya,4,12,17,1,0,4,4,0,0,6,70.59,3.0
K Rabada,34,262,239,21,11,34,19,0,0,44,109.62,13.79
K Upadhyay,2,12,9,0,1,2,0,0,0,11,133.33,
K Yadav,1,0,4,0,0,1,0,0,0,0,0.0,
KA Jamieson,10,77,73,6,4,10,5,0,0,16,105.48,15.4
KA Maharaj,1,1,2,0,0,1,1,0,0,1,50.0,1.0
KA Pollard,168,3437,2329,221,224,172,121,16,0,87,147.57,28.4
KAJ Roach,1,10,9,1,0,1,1,0,0,10,111.11,10.0
KB Arun Karthik,8,51,51,4,1,8,5,0,0,19,100.0,10.2
KC Cariappa,5,24,21,0,2,5,3,0,0,12,114.29,8.0
KC Sangakkara,68,1687,1392,195,27,68,65,10,0,94,121.19,25.95
KD Karthik,233,4843,3580,466,161,235,184,22,0,97,135.28,26.32
KH Pandya,123,1982,1481,173,76,123,85,3,0,86,133.83,23.32
KJ Abbott,3,13,8,0,1,3,1,0,0,12,162.5,13.0
KK Ahmed,6,2,9,0,0,6,5,0,0,1,22.22,0.4
KK Cooper,12,116,68,9,8,12,9,0,0,32,170.59,12.89
KK Nair,78,1712,1304,188,49,78,73,11,0,89,131.29,23.45
KL Nagarkoti,7,22,33,1,0,7,4,0,0,8,66.67,5.5
KL Rahul,149,5828,4188,509,239,152,127,45,6,152,139.16,45.89
KM Asif,1,0,2,0,0,1,1,0,0,0,0.0,0.0
KM Jadhav,81,1208,981,102,40,81,54,4,0,69,123.14,22.37
KMA Paul,5,18,24,1,1,5,4,0,0,7,75.0,4.5
KMDN Kulasekara,1,5,3,1,0,1,0,0,0,5,166.67,
KP Appanna,3,2,4,0,0,3,1,0,0,1,50.0,2.0
KP Pietersen,36,1001,743,91,40,36,27,4,1,103,134.72,37.07
KR Mayers,13,379,263,38,22,13,13,4,0,73,144.11,29.15
KR Sen,1,0,3,0,0,1,0,0,0,0,0.0,
KS Bharat,8,199,163,12,8,8,7,1,0,78,122.09,28.43
KS Rathore,1,0,5,0,0,1,1,0,0,0,0.0,0.0
KS Sharma,3,16,25,1,0,3,3,0,0,9,64.0,5.33
KS Williamson,76,2132,1697,187,64,77,59,18,0,89,125.63,36.14
KT Maphaka,1,8,2,2,0,1,0,0,0,8,400.0,
KV Sharma,40,352,295,20,17,40,26,0,0,39,119.32,13.54
KW Richardson,4,36,39,2,1,4,3,0,0,26,92.31,12.0
Kamran Akmal,6,128,78,13,8,6,5,1,0,53,164.1,25.6
Kamran Khan,1,3,5,0,0,1,1,0,0,3,60.0,3.0
Karanveer Singh,4,12,17,1,0,4,1,0,0,5,70.59,12.0
Kartik Sharma,11,295,216,24,16,11,9,2,0,71,136.57,32.78
Kartik Tyagi,9,24,26,2,1,9,7,0,0,7,92.31,3.43
Krish Bhagat,2,10,21,0,0,2,1,0,0,7,47.62,10.0
Kuldeep Yadav,41,210,253,18,3,41,17,0,0,35,83.0,12.35
Kumar Kushagra,4,21,21,3,0,4,4,0,0,18,100.0,5.25
L Ablish,1,0,2,0,0,1,0,0,0,0,0.0,
L Balaji,13,36,49,2,1,13,7,0,0,15,73.47,5.14
L Ngidi,4,4,9,0,0,4,2,0,0,3,44.44,2.0
L Ronchi,5,34,34,6,1,5,5,0,0,13,100.0,6.8
L Wood,1,9,3,0,1,1,0,0,0,9,300.0,
LA Carseldine,5,81,68,11,0,5,4,0,0,39,119.12,20.25
LA Pomersbach,16,302,246,25,13,16,11,1,0,79,122.76,27.45
LB Williams,1,1,2,0,0,1,0,0,0,1,50.0,
LE Plunkett,2,1,3,0,0,2,1,0,0,1,33.33,1.0
LG Pretorius,2,7,8,0,0,2,2,0,0,7,87.5,3.5
LH Ferguson,8,72,47,7,2,8,3,0,0,24,153.19,24.0
LJ Wright,5,106,60,16,3,5,5,0,0,44,176.67,21.2
LMP Simmons,29,1079,852,109,44,29,27,11,1,100,126.64,39.96
LPC Silva,3,40,26,5,1,3,2,0,0,23,153.85,20.0
LR Shukla,33,405,350,33,16,33,27,0,0,48,115.71,15.0
LRPL Taylor,54,1017,822,66,46,54,40,3,0,81,123.72,25.42
LS Livingstone,49,1066,687,70,76,49,42,7,0,94,155.17,25.38
Lalit Yadav,21,305,290,27,7,21,16,0,0,48,105.17,19.06
Liton Das,1,4,4,1,0,1,1,0,0,4,100.0,4.0
M Ashwin,12,35,50,2,1,12,9,0,0,9,70.0,3.89
M Jansen,25,192,174,9,9,25,15,0,0,34,110.34,12.8
M Kaif,22,259,250,22,6,22,18,0,0,34,103.6,14.39
M Kartik,14,113,108,7,1,14,7,0,0,21,104.63,16.14
M Klinger,4,73,77,9,0,4,4,0,0,29,94.81,18.25
M Manhas,38,514,470,43,10,38,23,0,0,42,109.36,22.35
M Markande,10,48,42,5,1,10,3,0,0,18,114.29,16.0
M Morkel,20,126,90,11,5,20,10,0,0,23,140.0,12.6
M Muralitharan,9,20,30,1,0,9,6,0,0,6,66.67,3.33
M Ntini,2,11,18,2,0,2,1,0,0,11,61.11,11.0
M Prasidh Krishna,8,15,31,1,0,8,3,0,0,6,48.39,5.0
M Rawat,11,55,69,4,1,11,5,0,0,23,79.71,11.0
M Shahrukh Khan,53,775,524,49,52,53,38,2,0,58,147.9,20.39
M Theekshana,6,17,34,0,1,6,3,0,0,7,50.0,5.67
M Tiwari,2,21,12,2,1,2,1,0,0,18,175.0,21.0
M Vijay,105,2619,2149,247,91,105,100,13,2,127,121.87,26.19
M Vohra,51,1083,829,104,43,51,49,3,0,95,130.64,22.1
M de Lange,1,1,2,0,0,1,1,0,0,1,50.0,1.0
MA Agarwal,125,2764,2066,275,100,126,120,13,1,106,133.79,23.03
MA Khote,3,24,22,2,1,3,2,0,0,9,109.09,12.0
MA Starc,22,111,121,11,0,22,12,0,0,29,91.74,9.25
MA Wood,3,12,8,1,1,3,2,0,0,10,150.0,6.0
MC Henriques,54,1000,788,87,28,54,36,5,0,74,126.9,27.78
MC Juneja,7,125,128,11,1,7,7,0,0,49,97.66,17.86
MD Choudhary,10,170,120,11,12,10,6,1,0,54,141.67,28.33
MD Mishra,17,237,208,24,8,17,16,0,0,41,113.94,14.81
MD Shanaka,8,89,72,5,5,8,7,0,0,29,123.61,12.71
MDKJ Perera,2,14,13,3,0,2,2,0,0,14,107.69,7.0
MEK Hussey,58,1977,1612,198,52,58,51,15,1,116,122.64,38.76
MF Maharoof,14,177,123,12,9,14,10,0,0,39,143.9,17.7
MG Bracewell,4,58,47,6,1,4,2,0,0,26,123.4,29.0
MG Johnson,28,167,164,10,7,28,13,0,0,16,101.83,12.85
MJ Clarke,6,98,94,12,0,6,6,0,0,41,104.26,16.33
MJ Guptill,13,271,197,24,15,14,12,1,0,50,137.56,22.58
MJ Henry,2,7,10,1,0,2,2,0,0,5,70.0,3.5
MJ Lumb,12,278,194,45,6,12,12,1,0,83,143.3,23.17
MJ McClenaghan,20,85,70,5,7,20,12,0,0,20,121.43,7.08
MJ Owen,1,0,2,0,0,1,1,0,0,0,0.0,0.0
MJ Santner,21,136,123,9,6,21,8,0,0,22,110.57,17.0
MJ Suthar,1,1,2,0,0,1,1,0,0,1,50.0,1.0
MK Lomror,35,527,373,33,30,35,29,1,0,54,141.29,18.17
MK Pandey,163,4021,3297,348,118,165,137,22,1,114,121.96,29.35
MK Tiwary,83,1695,1449,156,40,83,59,7,0,75,116.98,28.73
ML Hayden,32,1107,806,121,44,33,31,8,0,93,137.34,35.71
MM Ali,59,1167,835,95,67,59,53,6,0,93,139.76,22.02
MM Patel,12,39,41,5,0,12,6,0,0,23,95.12,6.5
MM Sharma,30,125,136,9,4,30,17,0,0,21,91.91,7.35
MN Samuels,14,161,172,9,7,14,13,0,0,46,93.6,12.38
MN van Wyk,5,167,132,19,1,5,3,1,0,74,126.52,55.67
MP Breetzke,1,14,12,1,1,1,1,0,0,14,116.67,14.0
MP Stoinis,108,2242,1520,181,117,108,78,10,1,124,147.5,28.74
MP Yadav,1,5,5,1,0,1,1,0,0,5,100.0,5.0
MR Marsh,62,1855,1249,155,111,62,60,12,2,117,148.52,30.92
MS Bhandage,1,1,4,0,0,1,1,0,0,1,25.0,1.0
MS Bisla,39,798,702,93,23,39,38,4,0,92,113.68,21.0
MS Dhoni,241,5439,3957,375,264,241,142,24,0,84,137.45,38.3
MS Gony,15,99,71,6,8,15,9,0,0,42,139.44,11.0
MS Wade,14,183,177,23,2,14,14,0,0,35,103.39,13.07
MV Boucher,23,394,309,32,13,23,14,1,0,50,127.51,28.14
MW Short,9,177,143,21,5,9,9,0,0,36,123.78,19.67
Mandeep Singh,97,1706,1388,176,38,97,81,6,0,77,122.91,21.06
Mashrafe Mortaza,1,2,2,0,0,1,0,0,0,2,100.0,
Mayank Dagar,1,0,1,0,0,1,1,0,0,0,0.0,0.0
Misbah-ul-Haq,8,117,81,10,6,8,7,0,0,47,144.44,16.71
Mohammad Ashraful,1,2,10,0,0,1,1,0,0,2,20.0,2.0
Mohammad Asif,2,3,6,0,0,2,2,0,0,3,50.0,1.5
Mohammad Hafeez,8,64,83,7,2,8,7,0,0,16,77.11,9.14
Mohammad Nabi,19,221,152,18,12,20,17,0,0,31,145.39,13.0
Mohammed Shami,34,115,111,9,5,34,19,0,0,21,103.6,6.05
Mohammed Siraj,23,117,139,11,4,23,11,0,0,14,84.17,10.64
Mohit Rathee,1,1,2,0,0,1,0,0,0,1,50.0,
Mohsin Khan,7,25,28,2,1,7,5,0,0,13,89.29,5.0
Mujeeb Ur Rahman,6,12,15,2,0,6,3,0,0,10,80.0,4.0
Mukesh Choudhary,3,8,8,1,0,3,1,0,0,4,100.0,8.0
Mukesh Kumar,5,10,18,0,0,5,1,0,0,6,55.56,10.0
Musheer Khan,1,0,3,0,0,1,1,0,0,0,0.0,0.0
Mustafizur Rahman,7,13,24,0,1,7,2,0,0,8,54.17,6.5
N Burger,3,14,9,0,1,3,1,0,0,10,155.56,14.0
N Jagadeesan,10,162,147,21,2,10,9,0,0,39,110.2,18.0
N Pooran,100,2527,1543,169,186,103,82,15,0,87,163.77,30.82
N Rana,121,3078,2235,288,151,121,111,22,0,91,137.72,27.73
N Saini,10,140,141,16,0,10,10,1,0,50,99.29,14.0
N Sindhu,5,63,50,7,2,5,5,0,0,22,126.0,12.6
N Wadhera,37,784,560,64,43,37,33,4,0,70,140.0,23.76
ND Doshi,1,0,13,0,0,1,1,0,0,0,0.0,0.0
NJ Maddinson,3,20,21,4,0,3,3,0,0,12,95.24,6.67
NJ Rimmington,1,1,1,0,0,1,0,0,0,1,100.0,
NK Patel,6,121,119,14,1,6,4,1,0,57,101.68,30.25
NL McCullum,2,26,22,0,1,2,1,0,0,15,118.18,26.0
NLTC Perera,30,424,309,23,26,31,22,0,0,40,137.22,19.27
NM Coulter-Nile,16,82,72,7,4,16,11,0,0,24,113.89,7.45
NS Naik,4,31,50,2,0,4,4,0,0,22,62.0,7.75
NT Ellis,5,19,25,0,1,5,4,0,0,12,76.0,4.75
NV Ojha,94,1554,1313,121,79,94,75,6,0,94,118.35,20.72
Naman Dhir,33,710,433,68,36,33,26,3,0,62,163.97,27.31
Navdeep Saini,7,33,37,3,0,7,4,0,0,12,89.19,8.25
Naveen-ul-Haq,4,18,25,2,0,4,1,0,0,13,72.0,18.0
Nithish Kumar Reddy,35,787,541,50,46,35,27,3,0,76,145.47,29.15
Noor Ahmad,15,31,58,2,1,15,11,0,0,8,53.45,2.82
OA Shah,22,506,389,34,23,22,15,4,0,76,130.08,33.73
OC McCoy,1,8,5,0,1,1,1,0,0,8,160.0,8.0
OF Smith,6,51,44,1,5,6,3,0,0,25,115.91,17.0
P Awana,5,5,14,0,0,5,2,0,0,4,35.71,2.5
P Chopra,1,8,6,2,0,1,1,0,0,8,133.33,8.0
P Dogra,12,127,138,4,5,12,11,0,0,41,92.03,11.55
P Dubey,2,23,33,2,0,2,1,0,0,16,69.7,23.0
P Kumar,57,340,314,22,17,57,38,0,0,34,108.28,8.95
P Negi,35,365,289,27,16,35,26,0,0,36,126.3,14.04
P Nissanka,10,278,175,33,12,10,10,2,0,62,158.86,27.8
P Parameswaran,2,1,2,0,0,2,0,0,0,1,50.0,
P Ray Barman,1,19,24,2,0,1,1,0,0,19,79.17,19.0
P Sahu,2,19,13,1,1,2,1,0,0,18,146.15,19.0
P Simran Singh,65,1865,1189,196,94,65,63,14,1,103,156.85,29.6
PA Patel,136,2848,2358,365,49,136,126,13,0,81,120.78,22.6
PA Reddy,10,164,160,15,2,10,10,0,0,42,102.5,16.4
PBB Rajapaksa,13,277,191,22,15,13,12,1,0,50,145.03,23.08
PC Valthaty,23,505,418,61,20,23,22,2,1,120,120.81,22.95
PD Collingwood,7,203,156,9,13,7,5,3,0,75,130.13,40.6
PD Salt,40,1258,721,138,67,40,37,12,0,89,174.48,34.0
PHKD Mendis,5,92,69,7,2,5,3,0,0,32,133.33,30.67
PJ Cummins,51,642,421,40,44,51,33,3,0,66,152.49,19.45
PJ Sangwan,14,26,44,1,0,14,8,0,0,6,59.09,3.25
PK Garg,19,273,241,16,9,19,18,1,0,51,113.28,15.17
PM Sarvesh Kumar,1,1,2,0,0,1,0,0,0,1,50.0,
PN Mankad,5,97,73,13,2,5,3,1,0,64,132.88,32.33
PP Chawla,86,624,563,56,20,86,54,0,0,24,110.83,11.56
PP Hinge,2,3,9,0,0,2,1,0,0,3,33.33,3.0
PP Ojha,19,16,45,0,0,19,11,0,0,3,35.56,1.45
PP Shaw,79,1892,1283,238,61,79,79,14,0,99,147.47,23.95
PR Shah,9,92,91,9,2,9,8,0,0,29,101.1,11.5
PR Veer,5,90,67,10,3,5,2,0,0,43,134.33,45.0
PSP Handscomb,1,6,12,0,0,1,1,0,0,6,50.0,6.0
PV Tambe,6,18,39,1,0,6,2,0,0,7,46.15,9.0
PVD Chameera,11,53,45,3,3,11,4,0,0,17,117.78,13.25
PVSN Raju,1,1,1,0,0,1,0,0,0,1,100.0,
PWA Mulder,1,9,11,1,0,1,1,0,0,9,81.82,9.0
PWH de Silva,19,81,88,7,1,19,15,0,0,18,92.05,5.4
Pankaj Singh,5,7,12,0,0,5,2,0,0,4,58.33,3.5
Parvez Rasool,4,17,20,1,0,4,2,0,0,10,85.0,8.5
Prince Yadav,3,5,11,0,0,3,0,0,0,4,45.45,
Priyansh Arya,31,909,471,87,63,31,31,6,1,103,192.99,29.32
Q de Kock,118,3444,2553,334,143,119,111,24,3,140,134.9,31.03
R Ashwin,93,833,705,64,29,93,63,1,0,50,118.16,13.22
R Bhatia,47,342,284,24,13,47,30,0,0,26,120.42,11.4
R Bishnoi,3,19,17,1,2,3,3,0,0,18,111.76,6.33
R Dhawan,22,210,187,18,7,22,11,0,0,25,112.3,19.09
R Dravid,82,2174,1882,269,28,82,77,11,0,75,115.52,28.23
R McLaren,13,159,171,14,1,13,8,1,0,51,92.98,19.88
R Minz,4,12,19,1,0,4,3,0,0,5,63.16,4.0
R Ninan,1,3,6,0,0,1,1,0,0,3,50.0,3.0
R Parag,86,1879,1302,136,108,87,74,9,0,95,144.32,25.39
R Powell,30,555,390,38,38,30,25,1,0,67,142.31,22.2
R Rampaul,7,51,50,3,2,7,5,0,0,23,102.0,10.2
R Ravindra,18,413,287,40,16,18,17,2,0,65,143.9,24.29
R Sai Kishore,4,18,16,0,2,4,4,0,0,13,112.5,4.5
R Sanjay Yadav,1,0,2,0,0,1,1,0,0,0,0.0,0.0
R Sathish,24,270,231,22,6,24,17,0,0,27,116.88,15.88
R Sharma,19,66,75,5,3,19,13,0,0,14,88.0,5.08
R Shepherd,19,268,153,18,22,19,11,1,0,53,175.16,24.36
R Shukla,4,19,23,2,0,4,1,0,0,14,82.61,19.0
R Smaran,4,19,25,3,0,4,3,0,0,9,76.0,6.33
R Tewatia,91,1302,943,110,62,91,54,2,0,68,138.07,24.11
R Vinay Kumar,42,310,274,21,9,42,27,0,0,26,113.14,11.48
RA Bawa,4,35,32,2,0,4,3,0,0,16,109.38,11.67
RA Jadeja,205,3526,2699,264,122,205,121,5,0,77,130.64,29.14
RA Tripathi,98,2291,1662,229,85,98,87,12,0,93,137.85,26.33
RD Chahar,22,129,124,13,5,22,15,0,0,25,104.03,8.6
RD Gaikwad,84,2839,2093,260,107,84,74,22,2,108,135.64,38.36
RD Rickelton,26,836,497,78,55,26,24,5,1,123,168.21,34.83
RE Levi,6,83,73,10,4,6,6,1,0,50,113.7,13.83
RE van der Merwe,15,159,141,11,8,15,11,0,0,35,112.77,14.45
RG More,1,2,2,0,0,1,0,0,0,2,100.0,
RG Sharma,275,7331,5517,661,324,276,244,49,2,109,132.88,30.05
RJ Gleeson,1,2,2,0,0,1,0,0,0,2,100.0,
RJ Harris,21,117,112,6,3,21,12,0,0,17,104.46,9.75
RJ Peterson,5,32,30,3,1,5,3,0,0,16,106.67,10.67
RJ Quiney,7,103,102,12,3,7,7,1,0,51,100.98,14.71
RJW Topley,1,3,6,0,0,1,0,0,0,3,50.0,
RK Bhui,4,10,26,0,0,4,4,0,0,7,38.46,2.5
RK Singh,62,1398,956,115,67,63,41,6,0,83,146.23,34.1
RM Patidar,52,1612,980,106,110,52,48,14,1,112,164.49,33.58
RN ten Doeschate,21,326,235,26,15,21,14,1,0,70,138.72,23.29
RP Meredith,2,0,3,0,0,2,0,0,0,0,0.0,
RP Singh,28,52,76,2,1,28,14,0,0,10,68.42,3.71
RR Bhatkal,1,0,2,0,0,1,1,0,0,0,0.0,0.0
RR Pant,136,3879,2644,351,181,140,115,20,2,128,146.71,33.73
RR Powar,9,67,64,6,1,9,3,0,0,28,104.69,22.33
RR Raje,5,20,18,1,1,5,1,0,0,11,111.11,20.0
RR Rossouw,22,473,308,45,25,22,20,2,0,82,153.57,23.65
RR Sarwan,4,73,75,6,1,4,4,0,0,31,97.33,18.25
RS Bopara,22,531,453,39,16,22,18,3,0,84,117.22,29.5
RS Gavaskar,1,2,8,0,0,1,1,0,0,2,25.0,2.0
RS Sodhi,1,4,2,1,0,1,0,0,0,4,200.0,
RT Ponting,9,91,128,5,2,9,9,0,0,28,71.09,10.11
RV Gomez,9,50,51,5,1,9,5,0,0,26,98.04,10.0
RV Patel,7,80,73,6,2,7,5,0,0,23,109.59,16.0
RV Uthappa,197,4954,3801,481,182,198,180,27,0,88,130.33,27.52
Rahmanullah Gurbaz,18,363,269,34,22,18,17,2,0,81,134.94,21.35
Ramandeep Singh,26,299,205,17,19,26,16,0,0,35,145.85,18.69
Rashid Khan,72,635,406,45,43,72,46,1,0,79,156.4,13.8
Rasikh Salam,7,43,42,5,0,7,5,0,0,10,102.38,8.6
Ravi Bishnoi,18,45,69,2,2,18,12,0,0,13,65.22,3.75
Ravi Singh,1,4,2,1,0,1,1,0,0,4,200.0,4.0
S Anirudha,12,136,113,9,7,12,8,1,0,64,120.35,17.0
S Aravind,10,59,57,7,0,10,3,0,0,14,103.51,19.67
S Arora,10,121,77,9,9,10,6,0,0,30,157.14,20.17
S Badree,5,13,23,0,0,5,5,0,0,8,56.52,2.6
S Badrinath,65,1441,1212,154,28,65,47,11,0,71,118.89,30.66
S Chanderpaul,3,25,31,4,0,3,3,0,0,16,80.65,8.33
S Dhawan,221,6769,5326,768,153,222,192,51,2,106,127.09,35.26
S Dube,87,2129,1464,132,137,87,68,10,0,95,145.42,31.31
S Gopal,22,180,169,19,2,22,14,0,0,24,106.51,12.86
S Kaul,9,20,36,1,0,9,4,0,0,7,55.56,5.0
S Kaushik,1,0,1,0,0,1,1,0,0,0,0.0,0.0
S Ladda,2,0,9,0,0,2,1,0,0,0,0.0,0.0
S Lamichhane,1,0,1,0,0,1,1,0,0,0,0.0,0.0
S Nadeem,20,39,87,2,0,20,14,0,0,6,44.83,2.79
S Narwal,4,37,27,6,0,4,3,0,0,23,137.04,12.33
S Rana,8,91,81,9,1,8,4,0,0,19,112.35,22.75
S Randiv,1,2,4,0,0,1,1,0,0,2,50.0,2.0
S Sohal,20,368,292,34,18,20,20,2,0,62,126.03,18.4
S Sreesanth,12,34,55,6,0,12,4,0,0,15,61.82,8.5
S Sriram,2,31,36,3,0,2,2,0,0,27,86.11,15.5
S Tyagi,1,3,4,0,0,1,0,0,0,3,75.0,
S Vidyut,8,145,109,21,3,8,8,1,0,54,133.03,18.12
SA Abbott,3,22,18,1,2,3,3,0,0,14,122.22,7.33
SA Asnodkar,19,423,339,56,10,19,19,2,0,60,124.78,22.26
SA Yadav,164,4581,3084,482,178,165,137,31,2,103,148.54,33.44
SB Bangar,7,49,58,1,3,7,6,0,0,17,84.48,8.17
SB Dubey,17,220,143,17,13,17,10,0,0,34,153.85,22.0
SB Jakati,5,28,29,3,0,5,1,0,0,13,96.55,28.0
SB Joshi,2,6,14,0,0,2,2,0,0,3,42.86,3.0
SB Styris,10,131,133,10,3,10,7,0,0,36,98.5,18.71
SB Wagh,2,2,3,0,0,2,2,0,0,2,66.67,1.0
SC Ganguly,56,1349,1263,137,42,56,53,7,0,91,106.81,25.45
SD Chitnis,8,99,89,10,2,8,7,0,0,38,111.24,14.14
SD Hope,9,183,122,12,12,9,8,0,0,41,150.0,22.88
SD Lad,1,15,13,1,1,1,1,0,0,15,115.38,15.0
SE Bond,1,1,2,0,0,1,1,0,0,1,50.0,1.0
SE Marsh,69,2489,1871,269,78,70,63,20,1,115,133.03,39.51
SE Rutherford,27,520,364,30,38,27,21,1,0,71,142.86,24.76
SH Johnson,6,8,12,1,0,6,1,0,0,5,66.67,8.0
SJ Srivastava,4,5,5,0,0,4,1,0,0,3,100.0,5.0
SK Raina,200,5536,4046,506,204,201,171,39,1,100,136.83,32.37
SK Rasheed,5,71,63,9,2,5,5,0,0,27,112.7,14.2
SK Trivedi,14,42,59,3,1,14,7,0,0,9,71.19,6.0
SK Warne,27,198,214,14,6,27,18,0,0,34,92.52,11.0
SL Malinga,20,88,99,6,5,20,14,0,0,17,88.89,6.29
SM Curran,53,997,731,85,41,53,40,6,0,88,136.39,24.92
SM Harwood,2,9,14,0,0,2,0,0,0,6,64.29,
SM Katich,11,241,186,26,8,11,10,2,0,75,129.57,24.1
SM Pollock,8,147,111,12,8,8,8,0,0,33,132.43,18.38
SMSM Senanayake,4,10,17,0,0,4,1,0,0,7,58.82,10.0
SN Khan,43,746,543,86,20,43,33,2,0,67,137.38,22.61
SN Thakur,43,349,263,32,13,43,29,1,0,68,132.7,12.03
SO Hetmyer,85,1566,1049,99,96,86,57,5,0,75,149.29,27.47
SP Fleming,10,196,165,27,3,10,9,0,0,45,118.79,21.78
SP Goswami,21,293,295,32,3,21,20,1,0,52,99.32,14.65
SP Jackson,8,61,57,5,1,8,6,0,0,16,107.02,10.17
SP Narine,122,1820,1101,191,120,122,102,7,1,109,165.3,17.84
SPD Smith,93,2495,1945,226,60,95,72,11,1,101,128.28,34.65
SR Dubey,1,4,2,1,0,1,0,0,0,4,200.0,
SR Tendulkar,78,2334,1948,296,29,78,67,13,1,100,119.82,34.84
SR Watson,141,3880,2813,377,190,143,126,21,4,117,137.93,30.79
SS Cottrell,1,0,2,0,0,1,1,0,0,0,0.0,0.0
SS Iyer,144,4233,3095,354,182,145,119,32,1,101,136.77,35.57
SS Mishra,1,1,3,0,0,1,0,0,0,1,33.33,
SS Prabhudessai,10,126,106,11,4,10,10,0,0,34,118.87,12.6
SS Shaikh,1,6,7,1,0,1,1,0,0,6,85.71,6.0
SS Tiwary,73,1494,1244,111,50,73,52,8,0,61,120.1,28.73
ST Jayasuriya,30,768,532,84,39,30,28,4,1,114,144.36,27.43
STR Binny,66,880,683,66,35,66,46,0,0,48,128.84,19.13
SU Parakh,4,46,33,5,2,4,4,0,0,24,139.39,11.5
SV Samson,185,5181,3671,432,243,185,162,27,5,119,141.13,31.98
SW Billings,27,503,388,40,20,27,26,3,0,56,129.64,19.35
SW Tait,5,23,26,1,1,5,3,0,0,11,88.46,7.67
SZ Mulani,1,1,1,0,0,1,0,0,0,1,100.0,
Sachin Baby,11,144,118,11,5,11,9,0,0,33,122.03,16.0
Sakib Hussain,1,5,7,1,0,1,0,0,0,5,71.43,
Salil Arora,1,35,21,2,2,1,1,0,0,35,166.67,35.0
Salman Butt,7,193,161,30,2,7,7,1,0,73,119.88,27.57
Sameer Rizvi,18,424,293,30,26,18,14,3,0,90,144.71,30.29
Sandeep Sharma,26,60,75,4,0,26,6,0,0,9,80.0,10.0
Sanvir Singh,5,25,21,2,1,5,2,0,0,8,119.05,12.5
Saurav Chauhan,3,18,15,1,1,3,3,0,0,9,120.0,6.0
Sediqullah Atal,1,22,16,0,2,1,1,0,0,22,137.5,22.0
Shahbaz Ahmed,40,603,489,33,28,40,29,1,0,59,123.31,20.79
Shahid Afridi,9,81,46,7,6,9,8,0,0,33,176.09,10.12
Shakib Al Hasan,52,795,639,73,21,53,41,2,0,66,124.41,19.39
Shashank Singh,42,905,560,67,51,42,25,6,0,68,161.61,36.2
Shivam Mavi,11,51,56,4,2,11,9,0,0,20,91.07,5.67
Shivam Sharma,2,5,3,1,0,2,1,0,0,4,166.67,5.0
Shivam Singh,1,2,3,0,0,1,0,0,0,2,66.67,
Shivang Kumar,6,53,46,6,1,6,6,0,0,27,115.22,8.83
Shoaib Ahmed,3,1,6,0,0,3,2,0,0,1,16.67,0.5
Shoaib Akhtar,1,2,7,0,0,1,1,0,0,2,28.57,2.0
Shoaib Malik,5,52,47,5,0,5,4,0,0,24,110.64,13.0
Shubman Gill,130,4598,3236,446,152,130,114,32,5,129,142.09,40.33
Sikandar Raza,9,182,136,12,8,9,7,1,0,57,133.82,26.0
Simarjeet Singh,6,10,15,0,0,6,3,0,0,3,66.67,3.33
Sohail Tanvir,5,36,29,3,1,5,3,0,0,13,124.14,12.0
Sumit Kumar,3,18,24,2,1,3,2,0,0,9,75.0,9.0
Sunny Gupta,1,0,1,0,0,1,1,0,0,0,0.0,0.0
Sunny Singh,5,43,31,6,1,5,4,0,0,20,138.71,10.75
Suryansh Shedge,10,165,101,9,12,10,7,1,0,57,163.37,23.57
Swapnil Singh,9,51,45,3,3,9,5,0,0,15,113.33,10.2
T Banton,2,18,20,1,1,2,2,0,0,10,90.0,9.0
T Dahiya,2,12,15,2,0,2,2,0,0,11,80.0,6.0
T Henderson,2,11,16,0,1,2,2,0,0,11,68.75,5.5
T Kohler-Cadmore,3,48,54,7,1,3,3,0,0,20,88.89,16.0
T Kohli,3,11,19,0,1,3,3,0,0,7,57.89,3.67
T Natarajan,3,4,7,0,0,3,0,0,0,3,57.14,
T Shamsi,1,2,4,0,0,1,0,0,0,2,50.0,
T Stubbs,43,986,649,69,47,44,25,5,0,71,151.93,39.44
T Taibu,3,31,26,3,0,3,3,0,0,15,119.23,10.33
T Thushara,4,12,18,0,0,4,2,0,0,8,66.67,6.0
TA Boult,26,93,85,5,4,26,10,0,0,17,109.41,9.3
TD Paine,2,10,26,0,0,2,2,0,0,8,38.46,5.0
TG Southee,19,120,107,8,4,19,13,0,0,36,112.15,9.23
TH David,59,1151,650,76,83,59,35,2,0,70,177.08,32.89
TK Curran,10,127,107,10,3,10,5,1,0,54,118.69,25.4
TL Seifert,6,45,41,6,1,6,6,0,0,21,109.76,7.5
TL Suman,39,676,575,55,26,39,32,2,0,78,117.57,21.12
TM Dilshan,50,1153,1007,140,24,50,43,9,0,76,114.5,26.81
TM Head,52,1556,915,172,78,52,48,10,1,102,170.05,32.42
TM Srivastava,3,8,11,0,0,3,1,0,0,7,72.73,8.0
TR Birt,5,75,58,9,2,5,5,0,0,27,129.31,15.0
TS Mills,5,8,14,0,1,5,4,0,0,6,57.14,2.0
TU Deshpande,10,54,36,2,4,10,4,0,0,25,150.0,13.5
Tanush Kotian,1,24,31,3,0,1,1,0,0,24,77.42,24.0
Tilak Varma,65,1858,1284,143,91,65,52,10,1,101,144.7,35.73
U Kaul,1,0,1,0,0,1,0,0,0,0,0.0,
UA Birla,1,7,14,1,0,1,1,0,0,7,50.0,7.0
UBT Chand,20,300,300,32,9,20,20,1,0,58,100.0,15.0
UT Khawaja,6,127,100,14,3,6,6,0,0,30,127.0,21.17
UT Yadav,48,208,201,16,9,48,21,0,0,24,103.48,9.9
Umar Gul,4,39,19,1,5,4,3,0,0,24,205.26,13.0
Umran Malik,5,23,16,1,2,5,1,0,0,19,143.75,23.0
Urvil Patel,10,197,96,11,20,10,10,1,0,65,205.21,19.7
V Kohli,275,9346,6930,847,317,277,231,68,9,113,134.86,40.46
V Nigam,10,157,89,18,8,10,8,0,0,39,176.4,19.62
V Pratap Singh,1,0,1,0,0,1,1,0,0,0,0.0,0.0
V Sehwag,104,2728,1755,334,106,104,99,16,2,122,155.44,27.56
V Shankar,63,1233,950,88,48,63,47,7,0,69,129.79,26.23
V Suryavanshi,23,1028,449,81,96,23,23,6,2,103,228.95,44.7
V Viyaskanth,1,7,5,0,0,1,0,0,0,7,140.0,
VG Arora,11,10,27,0,0,11,4,0,0,2,37.04,2.5
VH Zol,2,29,26,3,1,2,2,0,0,16,111.54,14.5
VR Aaron,12,50,72,2,2,12,5,0,0,17,69.44,10.0
VR Iyer,62,1677,1181,157,78,62,53,13,1,104,142.0,31.64
VRV Singh,2,4,3,1,0,2,2,0,0,4,133.33,2.0
VS Malik,2,7,7,1,0,2,1,0,0,6,100.0,7.0
VS Yeligati,1,2,2,0,0,1,1,0,0,2,100.0,2.0
VVS Laxman,20,282,267,33,5,20,18,1,0,52,105.62,15.67
VY Mahesh,5,15,27,0,0,5,2,0,0,6,55.56,7.5
Vijaykumar Vyshak,6,16,16,0,1,6,2,0,0,13,100.0,8.0
Virat Singh,2,15,26,1,0,2,2,0,0,11,57.69,7.5
Vishnu Vinod,7,71,65,4,4,7,6,0,0,30,109.23,11.83
Vivrant Sharma,1,69,47,9,2,1,1,1,0,69,146.81,69.0
W Jaffer,8,130,121,14,3,8,8,1,0,50,107.44,16.25
WA Mota,8,56,75,2,0,8,6,0,0,25,74.67,9.33
WD Parnell,13,65,80,4,1,13,10,0,0,16,81.25,6.5
WG Jacks,26,602,379,50,38,26,22,2,1,100,158.84,27.36
WP Saha,143,2934,2300,296,87,143,121,13,1,115,127.57,24.25
WPUJC Vaas,11,81,73,2,3,11,8,0,0,20,110.96,10.12
Washington Sundar,59,888,656,82,28,59,43,3,0,55,135.37,20.65
X Thalaivan Sargunam,1,10,17,0,0,1,1,0,0,10,58.82,10.0
XC Bartlett,4,40,28,3,2,4,2,0,0,18,142.86,20.0
Y Gnaneswara Rao,1,19,17,3,0,1,1,0,0,19,111.76,19.0
Y Nagar,20,285,259,20,9,20,14,0,0,44,110.04,20.36
Y Prithvi Raj,1,0,1,0,0,1,0,0,0,0,0.0,
Y Venugopal Rao,52,985,836,77,37,52,44,3,0,71,117.82,22.39
YA Abdulla,1,0,1,0,0,1,0,0,0,0,0.0,
YBK Jaiswal,82,2593,1697,311,110,82,77,18,2,124,152.8,33.68
YK Pathan,153,3222,2245,263,161,154,110,13,1,100,143.52,29.29
YS Chahal,17,37,86,0,0,17,7,0,0,8,43.02,5.29
YV Dhull,3,16,23,1,0,3,3,0,0,13,69.57,5.33
YV Takawale,10,192,178,26,3,10,8,0,0,45,107.87,24.0
Yash Dayal,4,4,9,0,0,4,3,0,0,3,44.44,1.33
Yashpal Singh,4,47,66,5,0,4,4,0,0,20,71.21,11.75
Younis Khan,1,3,7,0,0,1,1,0,0,3,42.86,3.0
Yudhvir Singh,4,22,16,1,2,4,4,0,0,14,137.5,5.5
Yuvraj Singh,126,2754,2122,218,149,127,111,13,0,83,129.78,24.81
Z Khan,27,117,141,11,2,27,14,0,0,23,82.98,8.36
