bowler,matches,legal_balls,runs_conceded,wickets,overs,economy
YS Chahal,184,4037,5417,233,672.5,8.05
B Kumar,206,4600,5913,226,766.4,7.71
SP Narine,200,4660,5273,209,776.4,6.79
PP Chawla,191,3850,5108,192,641.4,7.96
JJ Bumrah,158,3653,4469,190,608.5,7.34
R Ashwin,217,4710,5652,187,785.0,7.2
DJ Bravo,158,3120,4360,183,520.0,8.38
RA Jadeja,237,4254,5465,180,709.0,7.71
Rashid Khan,153,3543,4297,179,590.3,7.28
A Mishra,162,3371,4145,174,561.5,7.38
SL Malinga,122,2827,3366,170,471.1,7.14
Sandeep Sharma,142,3163,4307,151,527.1,8.17
K Rabada,101,2299,3367,151,383.1,8.79
HV Patel,121,2506,3727,151,417.4,8.92
Harbhajan Singh,160,3416,4030,150,569.2,7.08
TA Boult,124,2784,3950,145,464.0,8.51
Mohammed Shami,132,2920,4216,145,486.4,8.66
UT Yadav,147,3056,4332,144,509.2,8.51
AR Patel,173,3585,4437,139,597.3,7.43
MM Sharma,119,2403,3513,134,400.3,8.77
Mohammed Siraj,125,2672,3911,128,445.2,8.78
AD Russell,121,1806,2863,123,301.0,9.51
SN Thakur,109,2202,3514,119,367.0,9.57
JD Unadkat,115,2351,3504,114,391.5,8.94
Kuldeep Yadav,107,2286,3159,112,381.0,8.29
CV Varun,94,2134,2745,111,355.4,7.72
Arshdeep Singh,95,2032,3111,111,338.4,9.19
KH Pandya,147,2701,3410,107,450.1,7.57
A Nehra,88,1908,2495,106,318.0,7.85
R Vinay Kumar,104,2127,2986,105,354.3,8.42
Z Khan,99,2200,2782,102,366.4,7.59
DW Steyn,95,2182,2523,97,363.4,6.94
CH Morris,81,1726,2309,96,287.4,8.03
DL Chahar,103,2068,2862,96,344.4,8.3
I Sharma,117,2419,3377,96,403.1,8.38
Avesh Khan,82,1767,2734,93,294.3,9.28
SR Watson,105,2029,2682,92,338.1,7.93
KK Ahmed,76,1657,2474,91,276.1,8.96
M Prasidh Krishna,78,1739,2608,91,289.5,9.0
P Kumar,119,2524,3251,90,420.4,7.73
RP Singh,82,1775,2338,90,295.5,7.9
PP Ojha,90,1899,2332,89,316.3,7.37
PJ Cummins,80,1809,2680,87,301.3,8.89
DS Kulkarni,92,1787,2474,86,297.5,8.31
JA Morkel,87,1723,2359,85,287.1,8.21
JC Archer,68,1578,2161,84,263.0,8.22
Ravi Bishnoi,85,1789,2494,83,298.1,8.36
KV Sharma,87,1585,2215,83,264.1,8.38
Imran Tahir,59,1316,1703,82,219.2,7.76
HH Pandya,116,1764,2751,82,294.0,9.36
IK Pathan,101,2043,2649,80,340.3,7.78
M Morkel,70,1629,2089,77,271.3,7.69
L Balaji,73,1512,2028,76,252.0,8.05
MA Starc,56,1196,1761,76,199.2,8.83
RD Chahar,79,1694,2196,75,282.2,7.78
MM Patel,63,1355,1698,74,225.5,7.52
T Natarajan,73,1553,2378,73,258.5,9.19
JR Hazlewood,52,1176,1690,72,196.0,8.62
R Bhatia,91,1636,2020,71,272.4,7.41
MJ McClenaghan,56,1274,1803,71,212.2,8.49
JO Holder,57,1225,1751,70,204.1,8.58
AB Dinda,75,1516,2073,69,252.4,8.2
KA Pollard,107,1488,2180,69,248.0,8.79
SK Trivedi,75,1506,1904,65,251.0,7.59
JH Kallis,89,1742,2293,65,290.2,7.9
Mustafizur Rahman,60,1364,1849,65,227.2,8.13
M Muralitharan,66,1528,1706,64,254.4,6.7
Shakib Al Hasan,70,1484,1839,63,247.2,7.44
MG Johnson,54,1235,1708,62,205.5,8.3
Noor Ahmad,51,1098,1495,61,183.0,8.17
JP Faulkner,60,1238,1799,61,206.2,8.72
A Nortje,49,1120,1696,61,186.4,9.09
SM Curran,63,1253,2033,59,208.5,9.74
S Kaul,55,1209,1739,58,201.3,8.63
SK Warne,54,1194,1447,57,199.0,7.27
TU Deshpande,53,1103,1858,55,183.5,10.11
LH Ferguson,52,1092,1673,54,182.0,9.19
S Gopal,51,991,1349,52,165.1,8.17
S Nadeem,70,1415,1784,48,235.5,7.56
NM Coulter-Nile,38,857,1100,48,142.5,7.7
SB Jakati,57,1085,1451,47,180.5,8.02
M Pathirana,33,710,1025,47,118.2,8.66
TG Southee,54,1206,1742,47,201.0,8.67
VG Arora,42,866,1406,47,144.2,9.74
PWH de Silva,37,798,1119,46,133.0,8.41
MP Stoinis,75,935,1547,46,155.5,9.93
A Kumble,42,965,1058,45,160.5,6.58
RJ Harris,37,832,1047,45,138.4,7.55
S Aravind,38,760,1039,45,126.4,8.2
M Jansen,47,1017,1632,45,169.3,9.63
VR Aaron,50,994,1481,44,165.4,8.94
YK Pathan,82,1147,1415,42,191.1,7.4
MC Henriques,60,950,1289,42,158.2,8.14
L Ngidi,27,620,869,42,103.2,8.41
AJ Tye,30,684,979,42,114.0,8.59
Mukesh Kumar,42,824,1455,42,137.2,10.59
MM Ali,57,854,1029,41,142.2,7.23
GJ Maxwell,85,1022,1413,41,170.2,8.3
Yash Dayal,43,871,1390,41,145.1,9.58
R Sharma,44,928,1086,40,154.4,7.02
Iqbal Abdulla,48,920,1109,40,153.2,7.23
Washington Sundar,68,1174,1520,40,195.4,7.77
S Sreesanth,44,880,1194,40,146.4,8.14
Harshit Rana,32,649,1029,40,108.1,9.51
P Awana,33,747,1029,39,124.3,8.27
DT Christian,49,883,1192,38,147.1,8.1
Mohsin Khan,30,654,917,38,109.0,8.41
PJ Sangwan,42,856,1240,38,142.4,8.69
DE Bollinger,27,576,693,37,96.0,7.22
Harpreet Brar,48,859,1145,37,143.1,8.0
MR Marsh,34,560,795,37,93.2,8.52
MS Gony,44,888,1287,37,148.0,8.7
M Markande,40,750,1145,37,125.0,9.16
Yuvraj Singh,73,869,1077,36,144.5,7.44
M Theekshana,38,876,1207,36,146.0,8.27
WD Parnell,33,723,937,35,120.3,7.78
M Ashwin,44,870,1162,35,145.0,8.01
P Negi,42,716,939,34,119.2,7.87
KK Cooper,25,576,757,33,96.0,7.89
R Sai Kishore,27,465,697,33,77.3,8.99
E Malinga,22,486,745,33,81.0,9.2
Kartik Tyagi,33,728,1211,33,121.2,9.98
R Tewatia,52,843,1111,32,140.3,7.91
M Kartik,55,1149,1388,31,191.3,7.25
A Zampa,22,467,652,31,77.5,8.38
NLTC Perera,36,698,1016,31,116.2,8.73
A Kamboj,25,491,816,31,81.5,9.97
MJ Santner,35,687,860,30,114.3,7.51
Shivam Mavi,32,649,942,30,108.1,8.71
CR Woakes,21,440,658,30,73.2,8.97
CJ Jordan,34,674,1081,30,112.2,9.62
Azhar Mahmood,23,537,700,29,89.3,7.82
AB Agarkar,42,782,1151,29,130.2,8.83
Umran Malik,26,493,772,29,82.1,9.4
Rasikh Salam,25,488,814,29,81.2,10.01
DL Vettori,34,777,879,28,129.3,6.79
DP Nannes,29,646,785,28,107.4,7.29
PV Tambe,33,660,853,28,110.0,7.75
A Singh,23,473,620,28,78.5,7.86
BA Stokes,38,689,992,28,114.5,8.64
MF Maharoof,20,420,520,27,70.0,7.43
Harmeet Singh,28,549,731,27,91.3,7.99
AD Mathews,44,791,1079,27,131.5,8.18
Suyash Sharma,39,803,1190,27,133.5,8.89
Shahbaz Ahmed,50,655,1069,27,109.1,9.79
Yash Thakur,22,467,825,27,77.5,10.6
DR Smith,46,539,810,26,89.5,9.02
Vijaykumar Vyshak,25,519,906,26,86.3,10.47
J Botha,34,694,800,25,115.4,6.92
SK Raina,69,908,1118,25,151.2,7.39
B Lee,38,875,1095,25,145.5,7.51
R Dhawan,36,662,891,25,110.2,8.08
Naveen-ul-Haq,17,387,591,25,64.3,9.16
Mukesh Choudhary,24,483,771,25,80.3,9.58
Navdeep Saini,32,670,983,24,111.4,8.8
AS Rajpoot,29,529,814,24,88.1,9.23
JP Duminy,49,678,834,23,113.0,7.38
GB Hogg,21,458,570,23,76.2,7.47
SW Tait,21,473,640,23,78.5,8.12
C Green,39,571,898,23,95.1,9.44
Akash Madhwal,17,352,590,23,58.4,10.06
Sohail Tanvir,11,247,266,22,41.1,6.46
STR Binny,63,594,758,22,99.0,7.66
BW Hilfenhaus,17,372,479,22,62.0,7.73
Basil Thampi,25,521,846,22,86.5,9.74
RE van der Merwe,21,443,498,21,73.5,6.74
K Gowtham,35,588,808,21,98.0,8.24
VY Mahesh,17,339,499,21,56.3,8.83
AS Joseph,22,434,691,21,72.2,9.55
N Burger,18,363,585,21,60.3,9.67
A Symonds,30,527,674,20,87.5,7.67
Mujeeb Ur Rahman,20,446,620,20,74.2,8.34
C Sakariya,20,444,638,20,74.0,8.62
AD Mascarenhas,13,308,356,19,51.2,6.94
KW Richardson,15,335,472,19,55.5,8.45
J Suchith,21,420,602,19,70.0,8.6
NT Ellis,17,378,546,19,63.0,8.67
JP Behrendorff,17,366,552,19,61.0,9.05
DS Rathi,23,546,826,19,91.0,9.08
Prince Yadav,20,450,688,19,75.0,9.17
RP Meredith,18,388,612,19,64.4,9.46
WPUJC Vaas,13,282,355,18,47.0,7.55
IC Pandey,24,462,591,18,77.0,7.68
CH Gayle,38,554,729,18,92.2,7.9
A Ashish Reddy,20,262,396,18,43.4,9.07
Anureet Singh,22,412,623,18,68.4,9.07
BB Sran,24,483,757,18,80.3,9.4
Arshad Khan,24,364,669,18,60.4,11.03
CRD Fernando,10,234,298,17,39.0,7.64
BJ Hodge,20,234,303,17,39.0,7.77
Bipul Sharma,28,426,572,17,71.0,8.06
Ashwani Kumar,10,183,334,17,30.3,10.95
R Shepherd,28,360,706,17,60.0,11.77
R Rampaul,12,268,309,16,44.4,6.92
D Wiese,15,296,440,16,49.2,8.92
KA Jamieson,15,300,506,16,50.0,10.12
Mohammad Nabi,23,417,517,15,69.3,7.44
RG Sharma,32,339,453,15,56.3,8.02
LR Shukla,27,314,447,15,52.2,8.54
YA Abdulla,11,209,307,15,34.5,8.81
AS Roy,22,323,479,15,53.5,8.9
Sakib Hussain,11,252,397,15,42.0,9.45
Azmatullah Omarzai,18,354,568,15,59.0,9.63
AM Ghazanfar,11,233,389,15,38.5,10.02
G Coetzee,14,273,472,15,45.3,10.37
AC Thomas,15,315,406,14,52.3,7.73
DR Sams,16,360,523,14,60.0,8.72
JR Hopes,20,360,548,14,60.0,9.13
SJ Srivastava,14,282,441,14,47.0,9.38
KR Sen,12,241,387,14,40.1,9.63
J Overton,13,204,332,14,34.0,9.76
Brijesh Sharma,13,273,450,14,45.3,9.89
PP Hinge,7,156,305,14,26.0,11.73
CK Langeveldt,7,156,187,13,26.0,7.19
RR Powar,26,426,527,13,71.0,7.42
ST Jayasuriya,21,294,390,13,49.0,7.96
S Lamichhane,9,210,292,13,35.0,8.34
CR Brathwaite,16,254,379,13,42.2,8.95
LS Livingstone,27,312,469,13,52.0,9.02
C Bosch,8,163,250,13,27.1,9.2
V Nigam,18,288,469,13,48.0,9.77
PVD Chameera,20,396,648,13,66.0,9.82
Akash Singh,12,247,406,13,41.1,9.86
Harsh Dubey,11,192,326,13,32.0,10.19
Nithish Kumar Reddy,26,325,577,13,54.1,10.65
TK Curran,13,238,430,13,39.4,10.84
GD McGrath,14,324,357,12,54.0,6.61
Ankit Sharma,21,367,450,12,61.1,7.36
BA Bhatt,15,296,397,12,49.2,8.05
Umar Gul,6,135,184,12,22.3,8.18
K Kartikeya,16,282,407,12,47.0,8.66
AN Ahmed,17,344,498,12,57.2,8.69
VRV Singh,18,360,542,12,60.0,9.03
R McLaren,18,354,542,12,59.0,9.19
Karanveer Singh,9,204,321,12,34.0,9.44
Joginder Sharma,15,256,419,12,42.4,9.82
A Chandila,12,234,242,11,39.0,6.21
SM Pollock,13,276,301,11,46.0,6.54
S Badree,12,258,319,11,43.0,7.42
J Theron,10,221,302,11,36.5,8.2
AB McDonald,10,186,261,11,31.0,8.42
RS Bopara,14,206,292,11,34.2,8.5
DJG Sammy,19,236,350,11,39.2,8.9
J Little,11,228,339,11,38.0,8.92
MA Wood,5,120,179,11,20.0,8.95
JL Pattinson,10,213,320,11,35.3,9.01
Abhishek Sharma,36,365,550,11,60.5,9.04
OC McCoy,8,161,250,11,26.5,9.32
Pankaj Singh,17,300,468,11,50.0,9.36
TS Mills,10,209,343,11,34.5,9.85
Simarjeet Singh,14,240,400,11,40.0,10.0
CJ Anderson,22,297,518,11,49.3,10.46
SC Ganguly,20,276,363,10,46.0,7.89
DJ Hooda,34,379,546,10,63.1,8.64
Kamran Khan,9,166,239,10,27.4,8.64
V Pratap Singh,9,204,296,10,34.0,8.71
Lalit Yadav,19,288,425,10,48.0,8.85
N Rana,27,216,325,10,36.0,9.03
BCJ Cutting,17,281,429,10,46.5,9.16
WG Jacks,19,191,314,10,31.5,9.86
B Laughlin,9,168,282,10,28.0,10.07
Akash Deep,14,278,548,10,46.2,11.83
SMSM Senanayake,8,192,209,9,32.0,6.53
IS Sodhi,8,181,202,9,30.1,6.7
AG Murtaza,12,264,313,9,44.0,7.11
SE Bond,8,186,224,9,31.0,7.23
Shahid Afridi,10,180,225,9,30.0,7.5
KP Appanna,13,216,286,9,36.0,7.94
MN Samuels,11,214,284,9,35.4,7.96
AJ Hosein,8,172,238,9,28.4,8.3
AM Nayar,19,229,322,9,38.1,8.44
V Shankar,22,238,344,9,39.4,8.67
KMA Paul,8,163,237,9,27.1,8.72
P Parameswaran,8,154,224,9,25.4,8.73
JEC Franklin,15,151,220,9,25.1,8.74
JDP Oram,14,237,349,9,39.3,8.84
M Siddharth,9,186,283,9,31.0,9.13
Yash Raj Punja,8,180,279,9,30.0,9.3
BE Hendricks,7,150,235,9,25.0,9.4
N Thushara,8,180,283,9,30.0,9.43
Shivang Kumar,13,234,375,9,39.0,9.62
R Parag,34,319,515,9,53.1,9.69
MP Yadav,10,217,367,9,36.1,10.15
JA Duffy,6,144,263,9,24.0,10.96
J Yadav,20,390,445,8,65.0,6.85
T Thushara,6,135,161,8,22.3,7.16
BAW Mendis,10,244,303,8,40.4,7.45
SB Styris,11,216,276,8,36.0,7.67
JD Ryder,16,236,303,8,39.2,7.7
AA Chavan,13,248,326,8,41.2,7.89
Anand Rajan,8,149,201,8,24.5,8.09
J Syed Mohammad,11,192,283,8,32.0,8.84
DJ Hussey,26,317,474,8,52.5,8.97
S Sandeep Warrier,10,168,253,8,28.0,9.04
Mohammad Asif,8,192,296,8,32.0,9.25
JDS Neesham,13,216,334,8,36.0,9.28
KC Cariappa,11,216,348,8,36.0,9.67
I Udana,10,174,282,8,29.0,9.72
Yudhvir Singh,9,138,253,8,23.0,11.0
M Ntini,9,210,242,7,35.0,6.91
KP Pietersen,13,174,215,7,29.0,7.41
AM Salvi,7,150,200,7,25.0,8.0
PC Valthaty,10,151,205,7,25.1,8.15
B Stanlake,6,144,200,7,24.0,8.33
HF Gurney,8,162,238,7,27.0,8.81
Swapnil Singh,14,162,241,7,27.0,8.93
GC Viljoen,6,138,222,7,23.0,9.65
AF Milne,11,227,368,7,37.5,9.73
A Mithun,16,288,472,7,48.0,9.83
Ramandeep Singh,6,56,94,7,9.2,10.07
SH Johnson,12,230,396,7,38.2,10.33
KM Asif,7,133,231,7,22.1,10.42
P Amarnath,6,132,236,7,22.0,10.73
XC Bartlett,13,261,484,7,43.3,11.13
DJ Willey,11,216,272,6,36.0,7.56
VS Malik,13,205,261,6,34.1,7.64
S Randiv,8,174,223,6,29.0,7.69
B Akhil,13,188,242,6,31.2,7.72
TL Suman,11,150,197,6,25.0,7.88
JE Taylor,5,117,157,6,19.3,8.05
S Tyagi,14,209,295,6,34.5,8.47
MG Bracewell,5,66,95,6,11.0,8.64
S Kaushik,10,204,297,6,34.0,8.74
SS Cottrell,6,120,176,6,20.0,8.8
C de Grandhomme,19,216,319,6,36.0,8.86
RR Raje,10,139,209,6,23.1,9.02
V Puthur,5,72,109,6,12.0,9.08
Y Venugopal Rao,20,216,337,6,36.0,9.36
D Pretorius,7,150,238,6,25.0,9.52
AK Markram,24,223,357,6,37.1,9.61
Zeeshan Ansari,10,203,333,6,33.5,9.84
Jaskaran Singh,7,102,171,6,17.0,10.06
Fazalhaq Farooqi,12,254,437,6,42.2,10.32
V Sehwag,15,136,235,6,22.4,10.37
DG Nalkande,6,84,148,6,14.0,10.57
S Dube,19,154,277,6,25.4,10.79
Ashok Sharma,6,126,228,6,21.0,10.86
K Khejroliya,9,151,277,6,25.1,11.01
OF Smith,6,90,178,6,15.0,11.87
W O'Rourke,3,62,132,6,10.2,12.77
FH Edwards,6,140,154,5,23.2,6.6
PD Collingwood,6,89,101,5,14.5,6.81
KMDN Kulasekara,5,102,120,5,17.0,7.06
Gurkeerat Singh,6,78,97,5,13.0,7.46
Shoaib Akhtar,3,42,54,5,7.0,7.71
O Thomas,4,60,79,5,10.0,7.9
RV Gomez,9,96,129,5,16.0,8.06
SB Wagh,8,102,137,5,17.0,8.06
TM Dilshan,25,271,366,5,45.1,8.1
SR Dubey,4,77,106,5,12.5,8.26
A Choudhary,5,101,144,5,16.5,8.55
Shoaib Ahmed,7,102,152,5,17.0,8.94
HR Shokeen,13,204,314,5,34.0,9.24
Shashank Singh,8,90,140,5,15.0,9.33
M de Lange,5,108,169,5,18.0,9.39
KL Nagarkoti,11,180,285,5,30.0,9.5
S Ladda,9,138,224,5,23.0,9.74
AP Dole,3,66,112,5,11.0,10.18
R Shukla,7,120,208,5,20.0,10.4
RJW Topley,6,120,222,5,20.0,11.1
S Narwal,6,106,202,5,17.4,11.43
DJ Muthuswami,6,84,101,4,14.0,7.21
DP Vijaykumar,9,152,199,4,25.2,7.86
D du Preez,2,42,56,4,7.0,8.0
WA Mota,7,72,97,4,12.0,8.08
Parvez Rasool,11,198,271,4,33.0,8.21
S Dhawan,6,48,66,4,8.0,8.25
Shivam Sharma,5,114,165,4,19.0,8.68
SB Bangar,9,150,219,4,25.0,8.76
V Kohli,26,251,368,4,41.5,8.8
LE Plunkett,7,150,225,4,25.0,9.0
M Tiwari,4,66,101,4,11.0,9.18
A Badoni,8,41,63,4,6.5,9.22
Gurjapneet Singh,8,151,233,4,25.1,9.26
Arjun Tendulkar,6,97,150,4,16.1,9.28
B Muzarabani,2,42,75,4,7.0,10.71
Y Nagar,8,66,125,4,11.0,11.36
T Stubbs,5,36,69,4,6.0,11.5
MJ Henry,9,162,311,4,27.0,11.52
DJ Thornely,4,42,40,3,7.0,5.71
JW Hastings,3,58,66,3,9.4,6.83
SM Harwood,3,60,73,3,10.0,7.3
JM Kemp,5,44,54,3,7.2,7.36
AL Menaria,12,110,144,3,18.2,7.85
DAJ Bracewell,1,24,32,3,4.0,8.0
P Sahu,5,105,146,3,17.3,8.34
RJ Peterson,4,48,70,3,8.0,8.75
GHS Garton,5,90,135,3,15.0,9.0
T Shamsi,5,120,181,3,20.0,9.05
RS Hangargekar,2,36,60,3,6.0,10.0
R Sathish,14,139,232,3,23.1,10.01
Gagandeep Singh,4,84,141,3,14.0,10.07
Sikandar Raza,7,84,141,3,14.0,10.07
JA Richardson,4,90,157,3,15.0,10.47
VR Iyer,9,81,143,3,13.3,10.59
L Ablish,3,42,75,3,7.0,10.71
JJ van der Wath,3,72,129,3,12.0,10.75
R Ninan,2,36,65,3,6.0,10.83
K Santokie,2,48,90,3,8.0,11.25
TM Head,7,64,120,3,10.4,11.25
Abhinandan Singh,3,58,122,3,9.4,12.62
Sachin Baby,2,10,8,2,1.4,4.8
MJ Clarke,5,66,67,2,11.0,6.09
PH Solanki,2,36,38,2,6.0,6.33
KA Maharaj,2,36,39,2,6.0,6.5
Mohammad Hafeez,4,60,68,2,10.0,6.8
C Nanda,3,48,57,2,8.0,7.12
RN ten Doeschate,10,78,94,2,13.0,7.23
SM Boland,2,42,54,2,7.0,7.71
Ankit Soni,6,109,144,2,18.1,7.93
GD Phillips,4,30,40,2,5.0,8.0
ND Doshi,4,56,79,2,9.2,8.46
P Dubey,5,78,111,2,13.0,8.54
PHKD Mendis,4,42,60,2,7.0,8.57
SC Kuggeleijn,2,48,71,2,8.0,8.88
Mayank Dagar,8,137,203,2,22.5,8.89
DNT Zoysa,3,66,99,2,11.0,9.0
V Kaverappa,1,24,36,2,4.0,9.0
FA Allen,4,90,136,2,15.0,9.07
AU Rashid,3,60,91,2,10.0,9.1
K Yadav,3,54,84,2,9.0,9.33
P Suyal,5,96,151,2,16.0,9.44
A Flintoff,3,66,105,2,11.0,9.55
RJ Gleeson,3,68,110,2,11.2,9.71
SD Chitnis,2,36,60,2,6.0,10.0
Shoaib Malik,5,51,85,2,8.3,10.0
MA Khote,2,30,51,2,5.0,10.2
LJ Wright,6,71,124,2,11.5,10.48
SS Mishra,2,38,67,2,6.2,10.58
D Kalyankrishna,3,48,87,2,8.0,10.88
A Uniyal,2,36,66,2,6.0,11.0
KJ Abbott,5,96,177,2,16.0,11.06
MJ Suthar,4,48,94,2,8.0,11.75
RA Bawa,2,24,50,2,4.0,12.5
JPR Scantlebury-Searles,3,42,89,2,7.0,12.71
KT Maphaka,4,66,143,2,11.0,13.0
Abdul Samad,7,57,125,2,9.3,13.16
DA Payne,2,30,70,2,5.0,14.0
AC Gilchrist,1,1,0,1,0.1,0.0
NB Singh,2,24,15,1,4.0,3.75
AM Rahane,1,6,5,1,1.0,5.0
LA Carseldine,1,6,6,1,1.0,6.0
SS Mundhe,1,6,6,1,1.0,6.0
DJM Short,2,18,19,1,3.0,6.33
T Henderson,2,36,40,1,6.0,6.67
GH Vihari,6,42,47,1,7.0,6.71
GR Napier,1,24,27,1,4.0,6.75
BMAJ Mendis,2,30,36,1,5.0,7.2
RS Ghosh,1,18,24,1,3.0,8.0
SS Sarkar,2,25,34,1,4.1,8.16
PM Sarvesh Kumar,2,30,42,1,5.0,8.4
MK Lomror,11,90,127,1,15.0,8.47
SSB Magala,2,36,51,1,6.0,8.5
CJ McKay,2,42,60,1,7.0,8.57
V Viyaskanth,3,60,86,1,10.0,8.6
SE Rutherford,6,41,59,1,6.5,8.63
Raghu Sharma,5,90,130,1,15.0,8.67
GF Linde,3,37,55,1,6.1,8.92
SB Joshi,4,55,82,1,9.1,8.95
D Madushanka,1,24,36,1,4.0,9.0
AA Jhunjhunwala,10,85,129,1,14.1,9.11
DB Ravi Teja,2,18,28,1,3.0,9.33
M Shahrukh Khan,3,18,28,1,3.0,9.33
AJ Finch,5,43,67,1,7.1,9.35
IC Porel,1,24,39,1,4.0,9.75
D Salunkhe,5,47,78,1,7.5,9.96
AA Noffke,1,24,40,1,4.0,10.0
MD Shanaka,3,36,60,1,6.0,10.0
RG More,2,35,59,1,5.5,10.11
GS Sandhu,2,48,82,1,8.0,10.25
A Nel,1,18,31,1,3.0,10.33
SS Agarwal,1,24,42,1,4.0,10.5
LI Meriwala,1,18,32,1,3.0,10.67
S Vidyut,1,12,22,1,2.0,11.0
LMP Simmons,1,18,34,1,3.0,11.33
B Geeves,2,48,91,1,8.0,11.38
Y Prithvi Raj,2,30,57,1,5.0,11.4
SA Abbott,3,54,104,1,9.0,11.56
TP Sudhindra,3,70,136,1,11.4,11.66
R Powell,2,18,35,1,3.0,11.67
MK Tiwary,6,42,83,1,7.0,11.86
LB Williams,2,36,72,1,6.0,12.0
DJ Mitchell,4,48,97,1,8.0,12.12
CL White,6,42,86,1,7.0,12.29
BJ Dwarshuis,1,24,51,1,4.0,12.75
D Jansen,1,24,53,1,4.0,13.25
PVSN Raju,2,24,53,1,4.0,13.25
Musheer Khan,1,12,27,1,2.0,13.5
D Ferreira,3,18,41,1,3.0,13.67
L Wood,2,36,93,1,6.0,15.5
D Brevis,1,3,8,1,0.3,16.0
R Ravindra,2,12,7,0,2.0,3.5
M Manhas,3,42,42,0,7.0,6.0
NJ Rimmington,1,18,19,0,3.0,6.33
S Rana,3,16,18,0,2.4,6.75
NL McCullum,2,30,34,0,5.0,6.8
JE Root,1,12,14,0,2.0,7.0
SS Iyer,1,6,7,0,1.0,7.0
Y Gnaneswara Rao,1,6,7,0,1.0,7.0
RV Patel,1,18,22,0,3.0,7.33
C Munro,2,12,15,0,2.0,7.5
Tilak Varma,4,22,28,0,3.4,7.64
N Wadhera,2,17,22,0,2.5,7.76
RS Gavaskar,1,6,8,0,1.0,8.0
SA Yadav,1,6,8,0,1.0,8.0
M Vijay,4,36,49,0,6.0,8.17
R Goyal,1,24,33,0,4.0,8.25
KR Mayers,6,42,59,0,7.0,8.43
AC Voges,7,54,76,0,9.0,8.44
K Goel,6,66,93,0,11.0,8.45
CJ Green,1,17,24,0,2.5,8.47
DJ Harris,2,18,26,0,3.0,8.67
Naman Dhir,5,52,76,0,8.4,8.77
AS Raut,5,30,44,0,5.0,8.8
MW Short,5,43,64,0,7.1,8.93
Jalaj S Saxena,1,18,27,0,3.0,9.0
K Upadhyay,3,54,81,0,9.0,9.0
Tejas Baroka,1,21,33,0,3.3,9.43
SR Tendulkar,4,36,58,0,6.0,9.67
AUK Pathan,3,39,63,0,6.3,9.69
FY Fazal,2,12,20,0,2.0,10.0
KAJ Roach,2,48,80,0,8.0,10.0
Monu Kumar,1,12,20,0,2.0,10.0
KS Williamson,2,18,31,0,3.0,10.33
AA Kazi,1,12,21,0,2.0,10.5
Krish Bhagat,3,36,63,0,6.0,10.5
MB Parmar,1,18,33,0,3.0,11.0
RA Shaikh,1,6,11,0,1.0,11.0
RW Price,1,18,33,0,3.0,11.0
CJ Dala,1,18,34,0,3.0,11.33
H Sharma,2,30,57,0,5.0,11.4
SZ Mulani,2,30,57,0,5.0,11.4
Sumit Kumar,2,20,38,0,3.2,11.4
Auqib Nabi,5,78,149,0,13.0,11.46
R Sanjay Yadav,1,12,23,0,2.0,11.5
A Dananjaya,1,24,47,0,4.0,11.75
S Joseph,1,24,47,0,4.0,11.75
VS Yeligati,2,30,59,0,5.0,11.8
Arshad Khan (2),1,12,24,0,2.0,12.0
BJ Rohrer,1,6,12,0,1.0,12.0
DA Warner,1,1,2,0,0.1,12.0
Gulbadin Naib,1,6,12,0,1.0,12.0
LRPL Taylor,2,12,24,0,2.0,12.0
RA Tripathi,1,6,12,0,1.0,12.0
RR Bose,1,12,24,0,2.0,12.0
Vivrant Sharma,2,18,37,0,3.0,12.33
PR Veer,1,12,25,0,2.0,12.5
Aman Hakim Khan,1,6,13,0,1.0,13.0
C Ganapathy,1,6,13,0,1.0,13.0
Mandeep Singh,2,12,26,0,2.0,13.0
Suryansh Shedge,1,18,40,0,3.0,13.33
S Midhun,1,12,27,0,2.0,13.5
Gurnoor Brar,1,18,42,0,3.0,14.0
P Ray Barman,1,24,56,0,4.0,14.0
Abdur Razzak,1,12,29,0,2.0,14.5
Mashrafe Mortaza,1,24,58,0,4.0,14.5
Mohit Rathee,1,12,29,0,2.0,14.5
T Vijay,1,12,29,0,2.0,14.5
SPD Smith,1,2,5,0,0.2,15.0
MG Neser,1,24,62,0,4.0,15.5
Sunny Gupta,1,18,47,0,3.0,15.67
F du Plessis,1,6,16,0,1.0,16.0
PWA Mulder,1,6,16,0,1.0,16.0
S Sriram,2,18,49,0,3.0,16.33
NA Saini,1,12,34,0,2.0,17.0
CK Kapugedera,3,17,49,0,2.5,17.29
RR Bhatkal,1,12,35,0,2.0,17.5
P Prasanth,1,6,18,0,1.0,18.0
SN Khan,1,2,6,0,0.2,18.0
TH David,1,6,18,0,1.0,18.0
B Chipli,1,6,20,0,1.0,20.0
LPC Silva,1,6,21,0,1.0,21.0
I Malhotra,1,6,23,0,1.0,23.0
Atharva Taide,1,1,4,0,0.1,24.0
Ishan Kishan,1,1,4,0,0.1,24.0
Karim Janat,1,6,30,0,1.0,30.0
YBK Jaiswal,1,1,6,0,0.1,36.0
